Kingdom,Phylum,Class,Order,IUCN_fam,fam
PLANTAE,TRACHEOPHYTA,MAGNOLIOPSIDA,SCROPHULARIALES,ACANTHACEAE,Acanthaceae
PLANTAE,TRACHEOPHYTA,MAGNOLIOPSIDA,SAPINDALES,ACERACEAE,Aceraceae
PLANTAE,TRACHEOPHYTA,MAGNOLIOPSIDA,VIOLALES,ACHARIACEAE,Achariaceae
PLANTAE,TRACHEOPHYTA,MAGNOLIOPSIDA,CARYOPHYLLALES,ACHATOCARPACEAE,Achatocarpaceae
PLANTAE,TRACHEOPHYTA,LILIOPSIDA,ARALES,ACORACEAE,Acoraceae
PLANTAE,TRACHEOPHYTA,MAGNOLIOPSIDA,THEALES,ACTINIDIACEAE,Actinidiaceae
PLANTAE,TRACHEOPHYTA,MAGNOLIOPSIDA,DIPSACALES,ADOXACEAE,Adoxaceae
PLANTAE,TRACHEOPHYTA,MAGNOLIOPSIDA,CELASTRALES,AEXTOXICACEAE,Aextoxicaceae
PLANTAE,TRACHEOPHYTA,LILIOPSIDA,LILIALES,AGAVACEAE,Agavaceae
PLANTAE,TRACHEOPHYTA,MAGNOLIOPSIDA,CARYOPHYLLALES,AGDESTIDACEAE,Agdestidaceae
PLANTAE,BRYOPHYTA,MARCHANTIOPSIDA,MARCHANTIALES,AITCHINSONIELLACEAE,Aitchinsoniellaceae
PLANTAE,TRACHEOPHYTA,MAGNOLIOPSIDA,CARYOPHYLLALES,AIZOACEAE,Aizoaceae
PLANTAE,TRACHEOPHYTA,MAGNOLIOPSIDA,BRASSICALES,AKANIACEAE,Akaniaceae
PLANTAE,TRACHEOPHYTA,MAGNOLIOPSIDA,CORNALES,ALANGIACEAE,Alangiaceae
PLANTAE,TRACHEOPHYTA,LILIOPSIDA,ALISMATALES,ALISMATACEAE,Alismataceae
PLANTAE,TRACHEOPHYTA,LILIOPSIDA,LILIALES,ALLIACEAE,Alliaceae
PLANTAE,TRACHEOPHYTA,LILIOPSIDA,LILIALES,ALOACEAE,Aloaceae
PLANTAE,TRACHEOPHYTA,MAGNOLIOPSIDA,ROSALES,ALSEUOSMIACEAE,Alseuosmiaceae
PLANTAE,TRACHEOPHYTA,LILIOPSIDA,LILIALES,ALSTROEMERIACEAE,Alstroemeriaceae
PLANTAE,TRACHEOPHYTA,MAGNOLIOPSIDA,MYRTALES,ALZATEACEAE,Alzateaceae
PLANTAE,TRACHEOPHYTA,MAGNOLIOPSIDA,CARYOPHYLLALES,AMARANTHACEAE,Amaranthaceae
PLANTAE,TRACHEOPHYTA,LILIOPSIDA,LILIALES,AMARYLLIDACEAE,Amaryllidaceae
PLANTAE,BRYOPHYTA,BRYOPSIDA,HYPNALES,AMBLYSTEGIACEAE,Amblystegiaceae
PLANTAE,TRACHEOPHYTA,MAGNOLIOPSIDA,LAURALES,AMBORELLACEAE,Amborellaceae
PLANTAE,BRYOPHYTA,SPHAGNOPSIDA,AMBUCHANANIALES,AMBUCHANANIACEAE,Ambuchananiaceae
PLANTAE,TRACHEOPHYTA,MAGNOLIOPSIDA,SAPINDALES,ANACARDIACEAE,Anacardiaceae
PLANTAE,TRACHEOPHYTA,LILIOPSIDA,RESTIONALES,ANARTHRIACEAE,Anarthriaceae
PLANTAE,TRACHEOPHYTA,MAGNOLIOPSIDA,VIOLALES,ANCISTROCLADACEAE,Ancistrocladaceae
PLANTAE,TRACHEOPHYTA,POLYPODIOPSIDA,SCHIZAEALES,ANEMIACEAE,Anemiaceae
PLANTAE,TRACHEOPHYTA,MAGNOLIOPSIDA,CUCURBITALES,ANISOPHYLLEACEAE,Anisophylleaceae
PLANTAE,TRACHEOPHYTA,MAGNOLIOPSIDA,MAGNOLIALES,ANNONACEAE,Annonaceae
PLANTAE,TRACHEOPHYTA,LILIOPSIDA,LILIALES,ANTHERICACEAE,Anthericaceae
PLANTAE,ANTHOCERATOPHYTA,ANTHOCEROTOPSIDA,ANTHOCEROTALES,ANTHOCEROTACEAE,Anthocerotaceae
PLANTAE,TRACHEOPHYTA,LILIOPSIDA,LILIALES,APHYLLANTHACEAE,Aphyllanthaceae
PLANTAE,TRACHEOPHYTA,MAGNOLIOPSIDA,APIALES,APIACEAE,Apiaceae
PLANTAE,TRACHEOPHYTA,MAGNOLIOPSIDA,GENTIANALES,APOCYNACEAE,Apocynaceae
PLANTAE,TRACHEOPHYTA,LILIOPSIDA,NAJADALES,APONOGETONACEAE,Aponogetonaceae
PLANTAE,TRACHEOPHYTA,MAGNOLIOPSIDA,CELASTRALES,AQUIFOLIACEAE,Aquifoliaceae
PLANTAE,TRACHEOPHYTA,LILIOPSIDA,ARALES,ARACEAE,Araceae
PLANTAE,TRACHEOPHYTA,MAGNOLIOPSIDA,APIALES,ARALIACEAE,Araliaceae
PLANTAE,TRACHEOPHYTA,MAGNOLIOPSIDA,CORNALES,ARALIDIACEAE,Aralidiaceae
PLANTAE,TRACHEOPHYTA,PINOPSIDA,PINALES,ARAUCARIACEAE,Araucariaceae
PLANTAE,BRYOPHYTA,BRYOPSIDA,ARCHIDIALES,ARCHIDIACEAE,Archidiaceae
PLANTAE,TRACHEOPHYTA,LILIOPSIDA,ARECALES,ARECACEAE,Arecaceae
PLANTAE,TRACHEOPHYTA,MAGNOLIOPSIDA,ARISTOLOCHIALES,ARISTOLOCHIACEAE,Aristolochiaceae
PLANTAE,TRACHEOPHYTA,MAGNOLIOPSIDA,GENTIANALES,ASCLEPIADACEAE,Asclepiadaceae
PLANTAE,TRACHEOPHYTA,LILIOPSIDA,LILIALES,ASPARAGACEAE,Asparagaceae
PLANTAE,TRACHEOPHYTA,LILIOPSIDA,LILIALES,ASPHODELACEAE,Asphodelaceae
PLANTAE,TRACHEOPHYTA,POLYPODIOPSIDA,POLYPODIALES,ASPLENIACEAE,Aspleniaceae
PLANTAE,TRACHEOPHYTA,LILIOPSIDA,LILIALES,ASTELIACEAE,Asteliaceae
PLANTAE,TRACHEOPHYTA,MAGNOLIOPSIDA,ASTERALES,ASTERACEAE,Asteraceae
PLANTAE,TRACHEOPHYTA,MAGNOLIOPSIDA,THEALES,ASTEROPEIACEAE,Asteropeiaceae
PLANTAE,TRACHEOPHYTA,POLYPODIOPSIDA,POLYPODIALES,ATHYRIACEAE,Athyriaceae
PLANTAE,TRACHEOPHYTA,MAGNOLIOPSIDA,CORNALES,AUCUBACEAE,Aucubaceae
PLANTAE,TRACHEOPHYTA,MAGNOLIOPSIDA,MAGNOLIALES,AUSTROBAILEYACEAE,Austrobaileyaceae
PLANTAE,TRACHEOPHYTA,MAGNOLIOPSIDA,LAMIALES,AVICENNIACEAE,Avicenniaceae
PLANTAE,TRACHEOPHYTA,MAGNOLIOPSIDA,SAPINDALES,BALANITACEAE,Balanitaceae
PLANTAE,TRACHEOPHYTA,MAGNOLIOPSIDA,FAGALES,BALANOPACEAE,Balanopaceae
PLANTAE,TRACHEOPHYTA,MAGNOLIOPSIDA,SANTALALES,BALANOPHORACEAE,Balanophoraceae
PLANTAE,TRACHEOPHYTA,MAGNOLIOPSIDA,GERANIALES,BALSAMINACEAE,Balsaminaceae
PLANTAE,TRACHEOPHYTA,MAGNOLIOPSIDA,CARYOPHYLLALES,BARBEUIACEAE,Barbeuiaceae
PLANTAE,TRACHEOPHYTA,MAGNOLIOPSIDA,URTICALES,BARBEYACEAE,Barbeyaceae
PLANTAE,TRACHEOPHYTA,MAGNOLIOPSIDA,CARYOPHYLLALES,BASELLACEAE,Basellaceae
PLANTAE,TRACHEOPHYTA,MAGNOLIOPSIDA,BATALES,BATACEAE,Bataceae
PLANTAE,TRACHEOPHYTA,MAGNOLIOPSIDA,CUCURBITALES,BEGONIACEAE,Begoniaceae
PLANTAE,TRACHEOPHYTA,MAGNOLIOPSIDA,RANUNCULALES,BERBERIDACEAE,Berberidaceae
PLANTAE,TRACHEOPHYTA,MAGNOLIOPSIDA,FAGALES,BETULACEAE,Betulaceae
PLANTAE,TRACHEOPHYTA,MAGNOLIOPSIDA,SCROPHULARIALES,BIGNONIACEAE,Bignoniaceae
PLANTAE,TRACHEOPHYTA,MAGNOLIOPSIDA,VIOLALES,BIXACEAE,Bixaceae
PLANTAE,TRACHEOPHYTA,LILIOPSIDA,LILIALES,BLANDFORDIACEAE,Blandfordiaceae
PLANTAE,TRACHEOPHYTA,POLYPODIOPSIDA,POLYPODIALES,BLECHNACEAE,Blechnaceae
PLANTAE,TRACHEOPHYTA,MAGNOLIOPSIDA,MALVALES,BOMBACACEAE,Bombacaceae
PLANTAE,RHODOPHYTA,FLORIDEOPHYCEAE,BONNEMAISONIALES,BONNEMAISONIACEAE,Bonnemaisoniaceae
PLANTAE,TRACHEOPHYTA,MAGNOLIOPSIDA,MALPIGHIALES,BONNETIACEAE,Bonnetiaceae
PLANTAE,TRACHEOPHYTA,MAGNOLIOPSIDA,LAMIALES,BORAGINACEAE,Boraginaceae
PLANTAE,TRACHEOPHYTA,CYCADOPSIDA,CYCADALES,BOWENIACEAE,Boweniaceae
PLANTAE,BRYOPHYTA,BRYOPSIDA,HYPNALES,BRACHYTHECIACEAE,Brachytheciaceae
PLANTAE,TRACHEOPHYTA,MAGNOLIOPSIDA,CAPPARALES,BRASSICACEAE,Brassicaceae
PLANTAE,TRACHEOPHYTA,MAGNOLIOPSIDA,SAPINDALES,BRETSCHNEIDERACEAE,Bretschneideraceae
PLANTAE,TRACHEOPHYTA,LILIOPSIDA,POALES,BROMELIACEAE,Bromeliaceae
PLANTAE,TRACHEOPHYTA,MAGNOLIOPSIDA,OXALIDALES,BRUNELLIACEAE,Brunelliaceae
PLANTAE,TRACHEOPHYTA,MAGNOLIOPSIDA,ROSALES,BRUNIACEAE,Bruniaceae
PLANTAE,BRYOPHYTA,BRYOPSIDA,BRYALES,BRYACEAE,Bryaceae
PLANTAE,BRYOPHYTA,BRYOPSIDA,BRYOXIPHIALES,BRYOXIPHIACEAE,Bryoxiphiaceae
PLANTAE,TRACHEOPHYTA,MAGNOLIOPSIDA,SCROPHULARIALES,BUDDLEJACEAE,Buddlejaceae
PLANTAE,TRACHEOPHYTA,LILIOPSIDA,ORCHIDALES,BURMANNIACEAE,Burmanniaceae
PLANTAE,TRACHEOPHYTA,MAGNOLIOPSIDA,SAPINDALES,BURSERACEAE,Burseraceae
PLANTAE,TRACHEOPHYTA,LILIOPSIDA,ALISMATALES,BUTOMACEAE,Butomaceae
PLANTAE,TRACHEOPHYTA,MAGNOLIOPSIDA,BUXALES,BUXACEAE,Buxaceae
PLANTAE,TRACHEOPHYTA,MAGNOLIOPSIDA,ROSALES,BYBLIDACEAE,Byblidaceae
PLANTAE,TRACHEOPHYTA,MAGNOLIOPSIDA,NYMPHAEALES,CABOMBACEAE,Cabombaceae
PLANTAE,TRACHEOPHYTA,MAGNOLIOPSIDA,CARYOPHYLLALES,CACTACEAE,Cactaceae
PLANTAE,TRACHEOPHYTA,LILIOPSIDA,LILIALES,CALECTASIACEAE,Calectasiaceae
PLANTAE,TRACHEOPHYTA,MAGNOLIOPSIDA,CALLITRICHALES,CALLITRICHACEAE,Callitrichaceae
PLANTAE,TRACHEOPHYTA,MAGNOLIOPSIDA,MALPIGHIALES,CALOPHYLLACEAE,Calophyllaceae
PLANTAE,TRACHEOPHYTA,MAGNOLIOPSIDA,MAGNOLIALES,CALYCANTHACEAE,Calycanthaceae
PLANTAE,TRACHEOPHYTA,MAGNOLIOPSIDA,CALYCERALES,CALYCERACEAE,Calyceraceae
PLANTAE,MARCHANTIOPHYTA,JUNGERMANNIOPSIDA,JUNGERMANNIALES,CALYPOGEIACEAE,Calypogeiaceae
PLANTAE,TRACHEOPHYTA,MAGNOLIOPSIDA,CAMPANULALES,CAMPANULACEAE,Campanulaceae
PLANTAE,TRACHEOPHYTA,MAGNOLIOPSIDA,MAGNOLIALES,CANELLACEAE,Canellaceae
PLANTAE,TRACHEOPHYTA,MAGNOLIOPSIDA,URTICALES,CANNABACEAE,Cannabaceae
PLANTAE,TRACHEOPHYTA,LILIOPSIDA,ZINGERBERALES,CANNACEAE,Cannaceae
PLANTAE,TRACHEOPHYTA,MAGNOLIOPSIDA,CELASTRALES,CANOTIACEAE,Canotiaceae
PLANTAE,TRACHEOPHYTA,MAGNOLIOPSIDA,CAPPARALES,CAPPARACEAE,Capparaceae
PLANTAE,TRACHEOPHYTA,MAGNOLIOPSIDA,DIPSACALES,CAPRIFOLIACEAE,Caprifoliaceae
PLANTAE,TRACHEOPHYTA,MAGNOLIOPSIDA,CELASTRALES,CARDIOPTERIDACEAE,Cardiopteridaceae
PLANTAE,TRACHEOPHYTA,MAGNOLIOPSIDA,VIOLALES,CARICACEAE,Caricaceae
PLANTAE,TRACHEOPHYTA,MAGNOLIOPSIDA,DIPSACALES,CARLEMANNIACEAE,Carlemanniaceae
PLANTAE,TRACHEOPHYTA,MAGNOLIOPSIDA,THEALES,CARYOCARACEAE,Caryocaraceae
PLANTAE,TRACHEOPHYTA,MAGNOLIOPSIDA,CARYOPHYLLALES,CARYOPHYLLACEAE,Caryophyllaceae
PLANTAE,TRACHEOPHYTA,MAGNOLIOPSIDA,CASUARINALES,CASUARINACEAE,Casuarinaceae
PLANTAE,TRACHEOPHYTA,MAGNOLIOPSIDA,URTICALES,CECROPIACEAE,Cecropiaceae
PLANTAE,TRACHEOPHYTA,MAGNOLIOPSIDA,CELASTRALES,CELASTRACEAE,Celastraceae
PLANTAE,TRACHEOPHYTA,LILIOPSIDA,POALES,CENTROLEPIDACEAE,Centrolepidaceae
PLANTAE,TRACHEOPHYTA,MAGNOLIOPSIDA,OXALIDALES,CEPHALOTACEAE,Cephalotaceae
PLANTAE,TRACHEOPHYTA,PINOPSIDA,PINALES,CEPHALOTAXACEAE,Cephalotaxaceae
PLANTAE,MARCHANTIOPHYTA,JUNGERMANNIOPSIDA,JUNGERMANNIALES,CEPHALOZIACEAE,Cephaloziaceae
PLANTAE,MARCHANTIOPHYTA,JUNGERMANNIOPSIDA,JUNGERMANNIALES,CEPHALOZIELLACEAE,Cephaloziellaceae
PLANTAE,RHODOPHYTA,FLORIDEOPHYCEAE,CERAMIALES,CERAMIACEAE,Ceramiaceae
PLANTAE,TRACHEOPHYTA,MAGNOLIOPSIDA,NYMPHAEALES,CERATOPHYLLACEAE,Ceratophyllaceae
PLANTAE,TRACHEOPHYTA,MAGNOLIOPSIDA,HAMAMELIDALES,CERCIDIPHYLLACEAE,Cercidiphyllaceae
PLANTAE,CHLOROPHYTA,CHLOROPHYCEAE,CHAETOPHORALES,CHAETOPHORACEAE,Chaetophoraceae
PLANTAE,CHAROPHYTA,CHAROPHYACEAE,CHARALES,CHARACEAE,Characeae
PLANTAE,TRACHEOPHYTA,MAGNOLIOPSIDA,CARYOPHYLLALES,CHENOPODIACEAE,Chenopodiaceae
PLANTAE,TRACHEOPHYTA,MAGNOLIOPSIDA,PIPERALES,CHLORANTHACEAE,Chloranthaceae
PLANTAE,TRACHEOPHYTA,MAGNOLIOPSIDA,ROSALES,CHRYSOBALANACEAE,Chrysobalanaceae
PLANTAE,TRACHEOPHYTA,MAGNOLIOPSIDA,RANUNCULALES,CIRCAEASTERACEAE,Circaeasteraceae
PLANTAE,TRACHEOPHYTA,MAGNOLIOPSIDA,VIOLALES,CISTACEAE,Cistaceae
PLANTAE,CHLOROPHYTA,ULVOPHYCEAE,CLADOPHORALES,CLADOPHORACEAE,Cladophoraceae
PLANTAE,TRACHEOPHYTA,MAGNOLIOPSIDA,ERICALES,CLETHRACEAE,Clethraceae
PLANTAE,MARCHANTIOPHYTA,MARCHANTIOPSIDA,MARCHANTIALES,CLEVEACEAE,Cleveaceae
PLANTAE,TRACHEOPHYTA,MAGNOLIOPSIDA,MALPIGHIALES,CLUSIACEAE,Clusiaceae
PLANTAE,TRACHEOPHYTA,MAGNOLIOPSIDA,SAPINDALES,CNEORACEAE,Cneoraceae
PLANTAE,TRACHEOPHYTA,MAGNOLIOPSIDA,SOLANALES,COBAEACEAE,Cobaeaceae
PLANTAE,TRACHEOPHYTA,MAGNOLIOPSIDA,VIOLALES,COCHLOSPERMACEAE,Cochlospermaceae
PLANTAE,TRACHEOPHYTA,LILIOPSIDA,LILIALES,COLCHICACEAE,Colchicaceae
PLANTAE,TRACHEOPHYTA,MAGNOLIOPSIDA,ROSALES,COLUMELLIACEAE,Columelliaceae
PLANTAE,TRACHEOPHYTA,MAGNOLIOPSIDA,MYRTALES,COMBRETACEAE,Combretaceae
PLANTAE,TRACHEOPHYTA,LILIOPSIDA,COMMELINALES,COMMELINACEAE,Commelinaceae
PLANTAE,TRACHEOPHYTA,MAGNOLIOPSIDA,ASTERALES,COMPOSITAE,Compositae
PLANTAE,TRACHEOPHYTA,MAGNOLIOPSIDA,OXALIDALES,CONNARACEAE,Connaraceae
PLANTAE,TRACHEOPHYTA,LILIOPSIDA,LILIALES,CONVALLARIACEAE,Convallariaceae
PLANTAE,TRACHEOPHYTA,MAGNOLIOPSIDA,SOLANALES,CONVOLVULACEAE,Convolvulaceae
PLANTAE,RHODOPHYTA,FLORIDEOPHYCEAE,CORALLINALES,CORALLINACEAE,Corallinaceae
PLANTAE,TRACHEOPHYTA,MAGNOLIOPSIDA,RANUNCULALES,CORIARIACEAE,Coriariaceae
PLANTAE,TRACHEOPHYTA,MAGNOLIOPSIDA,CORNALES,CORNACEAE,Cornaceae
PLANTAE,TRACHEOPHYTA,LILIOPSIDA,ORCHIDALES,CORSIACEAE,Corsiaceae
PLANTAE,TRACHEOPHYTA,MAGNOLIOPSIDA,FAGALES,CORYLACEAE,Corylaceae
PLANTAE,TRACHEOPHYTA,MAGNOLIOPSIDA,CELASTRALES,CORYNOCARPACEAE,Corynocarpaceae
PLANTAE,TRACHEOPHYTA,LILIOPSIDA,ZINGIBERALES,COSTACEAE,Costaceae
PLANTAE,TRACHEOPHYTA,MAGNOLIOPSIDA,ROSALES,CRASSULACEAE,Crassulaceae
PLANTAE,TRACHEOPHYTA,MAGNOLIOPSIDA,ROSALES,CROSSOSOMATACEAE,Crossosomataceae
PLANTAE,TRACHEOPHYTA,MAGNOLIOPSIDA,CAPPARALES,CRUCIFERAE,Cruciferae
PLANTAE,TRACHEOPHYTA,MAGNOLIOPSIDA,MYRTALES,CRYPTERONIACEAE,Crypteroniaceae
PLANTAE,TRACHEOPHYTA,MAGNOLIOPSIDA,LINALES,CTENOLOPHONACEAE,Ctenolophonaceae
PLANTAE,TRACHEOPHYTA,MAGNOLIOPSIDA,CUCURBITALES,CUCURBITACEAE,Cucurbitaceae
PLANTAE,TRACHEOPHYTA,POLYPODIOPSIDA,CYATHEALES,CULCITACEAE,Culcitaceae
PLANTAE,TRACHEOPHYTA,MAGNOLIOPSIDA,OXALIDALES,CUNONIACEAE,Cunoniaceae
PLANTAE,TRACHEOPHYTA,PINOPSIDA,PINALES,CUPRESSACEAE,Cupressaceae
PLANTAE,TRACHEOPHYTA,LILIOPSIDA,LILIALES,CYANASTRACEAE,Cyanastraceae
PLANTAE,TRACHEOPHYTA,POLYPODIOPSIDA,CYATHEALES,CYATHEACEAE,Cyatheaceae
PLANTAE,TRACHEOPHYTA,CYCADOPSIDA,CYCADALES,CYCADACEAE,Cycadaceae
PLANTAE,TRACHEOPHYTA,LILIOPSIDA,CYCLANTHALES,CYCLANTHACEAE,Cyclanthaceae
PLANTAE,TRACHEOPHYTA,MAGNOLIOPSIDA,SCROPHULARIALES,CYCLOCHEILACEAE,Cyclocheilaceae
PLANTAE,TRACHEOPHYTA,LILIOPSIDA,NAJADALES,CYMODOCEACEAE,Cymodoceaceae
PLANTAE,TRACHEOPHYTA,MAGNOLIOPSIDA,SANTALALES,CYNOMORIACEAE,Cynomoriaceae
PLANTAE,TRACHEOPHYTA,LILIOPSIDA,POALES,CYPERACEAE,Cyperaceae
PLANTAE,TRACHEOPHYTA,MAGNOLIOPSIDA,ERICALES,CYRILLACEAE,Cyrillaceae
PLANTAE,TRACHEOPHYTA,POLYPODIOPSIDA,POLYPODIALES,CYSTOPTERIDACEAE,Cystopteridaceae
PLANTAE,BRYOPHYTA,BRYOPSIDA,HOOKERIALES,DALTONIACEAE,Daltoniaceae
PLANTAE,TRACHEOPHYTA,MAGNOLIOPSIDA,DAPHNIPHYLLALES,DAPHNIPHYLLACEAE,Daphniphyllaceae
PLANTAE,TRACHEOPHYTA,LILIOPSIDA,LILIALES,DASYPOGONACEAE,Dasypogonaceae
PLANTAE,TRACHEOPHYTA,MAGNOLIOPSIDA,VIOLALES,DATISCACEAE,Datiscaceae
PLANTAE,TRACHEOPHYTA,MAGNOLIOPSIDA,ROSALES,DAVIDSONIACEAE,Davidsoniaceae
PLANTAE,TRACHEOPHYTA,MAGNOLIOPSIDA,MAGNOLIALES,DEGENERIACEAE,Degeneriaceae
PLANTAE,RHODOPHYTA,FLORIDEOPHYCEAE,CERAMIALES,DELESSERIACEAE,Delesseriaceae
PLANTAE,ANTHOCERATOPHYTA,ANTHOCEROTOPSIDA,DENDROCEROTALES,DENDROCEROTACEAE,Dendrocerotaceae
PLANTAE,TRACHEOPHYTA,POLYPODIOPSIDA,POLYPODIALES,DENNSTAEDTIACEAE,Dennstaedtiaceae
PLANTAE,TRACHEOPHYTA,MAGNOLIOPSIDA,ROSALES,DIALYPETALANTHACEAE,Dialypetalanthaceae
PLANTAE,TRACHEOPHYTA,MAGNOLIOPSIDA,DIAPENSIALES,DIAPENSIACEAE,Diapensiaceae
PLANTAE,TRACHEOPHYTA,MAGNOLIOPSIDA,CELASTRALES,DICHAPETALACEAE,Dichapetalaceae
PLANTAE,TRACHEOPHYTA,POLYPODIOPSIDA,CYATHEALES,DICKSONIACEAE,Dicksoniaceae
PLANTAE,BRYOPHYTA,BRYOPSIDA,DICRANALES,DICRANACEAE,Dicranaceae
PLANTAE,TRACHEOPHYTA,MAGNOLIOPSIDA,CARYOPHYLLALES,DIDIEREACEAE,Didiereaceae
PLANTAE,TRACHEOPHYTA,MAGNOLIOPSIDA,DIDYMELALES,DIDYMELACEAE,Didymelaceae
PLANTAE,TRACHEOPHYTA,POLYPODIOPSIDA,POLYPODIALES,DIDYMOCHLAENACEAE,Didymochlaenaceae
PLANTAE,TRACHEOPHYTA,MAGNOLIOPSIDA,THEALES,DIEGODENDRACEAE,Diegodendraceae
PLANTAE,TRACHEOPHYTA,MAGNOLIOPSIDA,DILLENIALES,DILLENIACEAE,Dilleniaceae
PLANTAE,TRACHEOPHYTA,MAGNOLIOPSIDA,VIOLALES,DIONCOPHYLLACEAE,Dioncophyllaceae
PLANTAE,TRACHEOPHYTA,LILIOPSIDA,LILIALES,DIOSCOREACEAE,Dioscoreaceae
PLANTAE,TRACHEOPHYTA,MAGNOLIOPSIDA,SANTALALES,DIPENTODONTACEAE,Dipentodontaceae
PLANTAE,TRACHEOPHYTA,MAGNOLIOPSIDA,DIPSACALES,DIPSACACEAE,Dipsacaceae
PLANTAE,TRACHEOPHYTA,MAGNOLIOPSIDA,THEALES,DIPTEROCARPACEAE,Dipterocarpaceae
PLANTAE,TRACHEOPHYTA,MAGNOLIOPSIDA,GERANIALES,DIRACHMACEAE,Dirachmaceae
PLANTAE,BRYOPHYTA,BRYOPSIDA,DICRANALES,DITRICHACEAE,Ditrichaceae
PLANTAE,TRACHEOPHYTA,LILIOPSIDA,LILIALES,DORYANTHACEAE,Doryanthaceae
PLANTAE,TRACHEOPHYTA,LILIOPSIDA,LILIALES,DRACAENACEAE,Dracaenaceae
PLANTAE,TRACHEOPHYTA,MAGNOLIOPSIDA,NEPENTHALES,DROSERACEAE,Droseraceae
PLANTAE,TRACHEOPHYTA,POLYPODIOPSIDA,POLYPODIALES,DRYOPTERIDACEAE,Dryopteridaceae
PLANTAE,TRACHEOPHYTA,MAGNOLIOPSIDA,SOLANALES,DUCKEODENDRACEAE,Duckeodendraceae
PLANTAE,TRACHEOPHYTA,MAGNOLIOPSIDA,EBENALES,EBENACEAE,Ebenaceae
PLANTAE,TRACHEOPHYTA,LILIOPSIDA,RESTIONALES,ECDEIOCOLEACEAE,Ecdeiocoleaceae
PLANTAE,BRYOPHYTA,BRYOPSIDA,HYPNALES,ECHINODIACEAE,Echinodiaceae
PLANTAE,TRACHEOPHYTA,MAGNOLIOPSIDA,PROTEALES,ELAEAGNACEAE,Elaeagnaceae
PLANTAE,TRACHEOPHYTA,MAGNOLIOPSIDA,OXALIDALES,ELAEOCARPACEAE,Elaeocarpaceae
PLANTAE,TRACHEOPHYTA,MAGNOLIOPSIDA,THEALES,ELATINACEAE,Elatinaceae
PLANTAE,TRACHEOPHYTA,MAGNOLIOPSIDA,POLYGALALES,EMBLINGIACEAE,Emblingiaceae
PLANTAE,TRACHEOPHYTA,MAGNOLIOPSIDA,ERICALES,EMPETRACEAE,Empetraceae
PLANTAE,TRACHEOPHYTA,MAGNOLIOPSIDA,ERICALES,EPACRIDACEAE,Epacridaceae
PLANTAE,TRACHEOPHYTA,GNETOPSIDA,EPHEDRALES,EPHEDRACEAE,Ephedraceae
PLANTAE,TRACHEOPHYTA,POLYPODIOPSIDA,EQUISETALES,EQUISETACEAE,Equisetaceae
PLANTAE,TRACHEOPHYTA,MAGNOLIOPSIDA,SANTALALES,EREMOLEPIDACEAE,Eremolepidaceae
PLANTAE,TRACHEOPHYTA,MAGNOLIOPSIDA,ROSALES,EREMOSYNACEAE,Eremosynaceae
PLANTAE,TRACHEOPHYTA,MAGNOLIOPSIDA,ERICALES,ERICACEAE,Ericaceae
PLANTAE,TRACHEOPHYTA,LILIOPSIDA,POALES,ERIOCAULACEAE,Eriocaulaceae
PLANTAE,TRACHEOPHYTA,LILIOPSIDA,LILIALES,ERIOSPERMACEAE,Eriospermaceae
PLANTAE,TRACHEOPHYTA,MAGNOLIOPSIDA,LINALES,ERYTHROXYLACEAE,Erythroxylaceae
PLANTAE,TRACHEOPHYTA,MAGNOLIOPSIDA,ROSALES,ESCALLONIACEAE,Escalloniaceae
PLANTAE,TRACHEOPHYTA,MAGNOLIOPSIDA,EUCOMMIALES,EUCOMMIACEAE,Eucommiaceae
PLANTAE,TRACHEOPHYTA,MAGNOLIOPSIDA,ROSALES,EUCRYPHIACEAE,Eucryphiaceae
PLANTAE,TRACHEOPHYTA,MAGNOLIOPSIDA,MALPIGHIALES,EUPHORBIACEAE,Euphorbiaceae
PLANTAE,TRACHEOPHYTA,MAGNOLIOPSIDA,POLYGALALES,EUPHRONIACEAE,Euphroniaceae
PLANTAE,TRACHEOPHYTA,MAGNOLIOPSIDA,MAGNOLIALES,EUPOMATIACEAE,Eupomatiaceae
PLANTAE,TRACHEOPHYTA,MAGNOLIOPSIDA,HAMAMELIDALES,EUPTELEACEAE,Eupteleaceae
PLANTAE,MARCHANTIOPHYTA,MARCHANTIOPSIDA,MARCHANTIALES,EXORMOTHECACEAE,Exormothecaceae
PLANTAE,TRACHEOPHYTA,MAGNOLIOPSIDA,FABALES,FABACEAE,Fabaceae
PLANTAE,BRYOPHYTA,BRYOPSIDA,BRYALES,FABRONIACEAE,Fabroniaceae
PLANTAE,TRACHEOPHYTA,MAGNOLIOPSIDA,FAGALES,FAGACEAE,Fagaceae
PLANTAE,BRYOPHYTA,BRYOPSIDA,DICRANALES,FISSIDENTACEAE,Fissidentaceae
PLANTAE,TRACHEOPHYTA,MAGNOLIOPSIDA,VIOLALES,FLACOURTIACEAE,Flacourtiaceae
PLANTAE,TRACHEOPHYTA,LILIOPSIDA,RESTIONALES,FLAGELLARIACEAE,Flagellariaceae
PLANTAE,BRYOPHYTA,MARCHANTIOPSIDA,METZGERIALES,FOSSOMBRONIACEAE,Fossombroniaceae
PLANTAE,TRACHEOPHYTA,MAGNOLIOPSIDA,VIOLALES,FOUQUIERIACEAE,Fouquieriaceae
PLANTAE,TRACHEOPHYTA,MAGNOLIOPSIDA,VIOLALES,FRANKENIACEAE,Frankeniaceae
PLANTAE,MARCHANTIOPHYTA,JUNGERMANNIOPSIDA,PORELLALES,FRULLANIACEAE,Frullaniaceae
PLANTAE,RHODOPHYTA,FLORIDEOPHYCEAE,NEMALIALES,GALAXAURACEAE,Galaxauraceae
PLANTAE,TRACHEOPHYTA,MAGNOLIOPSIDA,CORNALES,GARRYACEAE,Garryaceae
PLANTAE,TRACHEOPHYTA,MAGNOLIOPSIDA,CELASTRALES,GEISSOLOMATACEAE,Geissolomataceae
PLANTAE,TRACHEOPHYTA,MAGNOLIOPSIDA,GENTIANALES,GENTIANACEAE,Gentianaceae
PLANTAE,BRYOPHYTA,MARCHANTIOPSIDA,JUNGERMANNIALES,GEOCALYCACEAE,Geocalycaceae
PLANTAE,TRACHEOPHYTA,MAGNOLIOPSIDA,GERANIALES,GERANIACEAE,Geraniaceae
PLANTAE,TRACHEOPHYTA,MAGNOLIOPSIDA,SCROPHULARIALES,GESNERIACEAE,Gesneriaceae
PLANTAE,RHODOPHYTA,FLORIDEOPHYCEAE,GIGARTINALES,GIGARTINACEAE,Gigartinaceae
PLANTAE,TRACHEOPHYTA,GINKGOOPSIDA,GINKGOALES,GINKGOACEAE,Ginkgoaceae
PLANTAE,TRACHEOPHYTA,MAGNOLIOPSIDA,CARYOPHYLLALES,GISEKIACEAE,Gisekiaceae
PLANTAE,TRACHEOPHYTA,MAGNOLIOPSIDA,RANUNCULALES,GLAUCIDIACEAE,Glaucidiaceae
PLANTAE,TRACHEOPHYTA,MAGNOLIOPSIDA,SCROPHULARIALES,GLOBULARIACEAE,Globulariaceae
PLANTAE,TRACHEOPHYTA,GNETOPSIDA,GNETALES,GNETACEAE,Gnetaceae
PLANTAE,TRACHEOPHYTA,MAGNOLIOPSIDA,SOLANALES,GOETZEACEAE,Goetzeaceae
PLANTAE,TRACHEOPHYTA,MAGNOLIOPSIDA,LAURALES,GOMORTEGACEAE,Gomortegaceae
PLANTAE,TRACHEOPHYTA,MAGNOLIOPSIDA,CAMPANULALES,GOODENIACEAE,Goodeniaceae
PLANTAE,TRACHEOPHYTA,MAGNOLIOPSIDA,CELASTRALES,GOUPIACEAE,Goupiaceae
PLANTAE,RHODOPHYTA,FLORIDEOPHYCEAE,GRACILARIALES,GRACILARIACEAE,Gracilariaceae
PLANTAE,TRACHEOPHYTA,LILIOPSIDA,CYPERALES,GRAMINEAE,Gramineae
PLANTAE,TRACHEOPHYTA,MAGNOLIOPSIDA,ROSALES,GREYIACEAE,Greyiaceae
PLANTAE,BRYOPHYTA,BRYOPSIDA,GRIMMIALES,GRIMMIACEAE,Grimmiaceae
PLANTAE,TRACHEOPHYTA,MAGNOLIOPSIDA,CORNALES,GRISELINIACEAE,Griseliniaceae
PLANTAE,TRACHEOPHYTA,MAGNOLIOPSIDA,ROSALES,GROSSULARIACEAE,Grossulariaceae
PLANTAE,TRACHEOPHYTA,MAGNOLIOPSIDA,ERICALES,GRUBBIACEAE,Grubbiaceae
PLANTAE,TRACHEOPHYTA,MAGNOLIOPSIDA,HALORAGALES,GUNNERACEAE,Gunneraceae
PLANTAE,TRACHEOPHYTA,MAGNOLIOPSIDA,THEALES,GUTTIFERAE,Guttiferae
PLANTAE,MARCHANTIOPHYTA,JUNGERMANNIOPSIDA,JUNGERMANNIALES,GYMNOMITRIACEAE,Gymnomitriaceae
PLANTAE,TRACHEOPHYTA,MAGNOLIOPSIDA,BATALES,GYROSTEMONACEAE,Gyrostemonaceae
PLANTAE,TRACHEOPHYTA,LILIOPSIDA,COMMELINALES,HAEMODORACEAE,Haemodoraceae
PLANTAE,TRACHEOPHYTA,MAGNOLIOPSIDA,CARYOPHYLLALES,HALOPHYTACEAE,Halophytaceae
PLANTAE,TRACHEOPHYTA,MAGNOLIOPSIDA,HALORAGALES,HALORAGACEAE,Haloragaceae
PLANTAE,RHODOPHYTA,FLORIDEOPHYCEAE,HALYMENIALES,HALYMENIACEAE,Halymeniaceae
PLANTAE,TRACHEOPHYTA,MAGNOLIOPSIDA,HAMAMELIDALES,HAMAMELIDACEAE,Hamamelidaceae
PLANTAE,TRACHEOPHYTA,LILIOPSIDA,COMMELINALES,HANGUANACEAE,Hanguanaceae
PLANTAE,RHODOPHYTA,FLORIDEOPHYCEAE,CORALLINALES,HAPALIDIACEAE,Hapalidiaceae
PLANTAE,TRACHEOPHYTA,MAGNOLIOPSIDA,CARYOPHYLLALES,HECTORELLACEAE,Hectorellaceae
PLANTAE,TRACHEOPHYTA,LILIOPSIDA,ZINGIBERALES,HELICONIACEAE,Heliconiaceae
PLANTAE,TRACHEOPHYTA,MAGNOLIOPSIDA,CORNALES,HELWINGIACEAE,Helwingiaceae
PLANTAE,TRACHEOPHYTA,LILIOPSIDA,LILIALES,HEMEROCALLIDACEAE,Hemerocallidaceae
PLANTAE,MARCHANTIOPHYTA,JUNGERMANNIOPSIDA,JUNGERMANNIALES,HERBERTACEAE,Herbertaceae
PLANTAE,TRACHEOPHYTA,MAGNOLIOPSIDA,LAURALES,HERNANDIACEAE,Hernandiaceae
PLANTAE,TRACHEOPHYTA,LILIOPSIDA,LILIALES,HERRERIACEAE,Herreriaceae
PLANTAE,TRACHEOPHYTA,MAGNOLIOPSIDA,MAGNOLIALES,HIMANTANDRACEAE,Himantandraceae
PLANTAE,TRACHEOPHYTA,MAGNOLIOPSIDA,SAPINDALES,HIPPOCASTANACEAE,Hippocastanaceae
PLANTAE,TRACHEOPHYTA,MAGNOLIOPSIDA,CALLITRICHALES,HIPPURIDACEAE,Hippuridaceae
PLANTAE,BRYOPHYTA,BRYOPSIDA,BRYALES,HOOKERIACEAE,Hookeriaceae
PLANTAE,TRACHEOPHYTA,MAGNOLIOPSIDA,VIOLALES,HOPLESTIGMATACEAE,Hoplestigmataceae
PLANTAE,TRACHEOPHYTA,LILIOPSIDA,LILIALES,HOSTACEAE,Hostaceae
PLANTAE,TRACHEOPHYTA,MAGNOLIOPSIDA,OXALIDALES,HUACEAE,Huaceae
PLANTAE,TRACHEOPHYTA,MAGNOLIOPSIDA,LINALES,HUMIRIACEAE,Humiriaceae
PLANTAE,TRACHEOPHYTA,LILIOPSIDA,LILIALES,HYACINTHACEAE,Hyacinthaceae
PLANTAE,TRACHEOPHYTA,LILIOPSIDA,HYDATELLALES,HYDATELLACEAE,Hydatellaceae
PLANTAE,TRACHEOPHYTA,MAGNOLIOPSIDA,RAFFLESIALES,HYDNORACEAE,Hydnoraceae
PLANTAE,TRACHEOPHYTA,MAGNOLIOPSIDA,ROSALES,HYDRANGEACEAE,Hydrangeaceae
PLANTAE,TRACHEOPHYTA,LILIOPSIDA,HYDROCHARITALES,HYDROCHARITACEAE,Hydrocharitaceae
PLANTAE,TRACHEOPHYTA,MAGNOLIOPSIDA,SOLANALES,HYDROPHYLLACEAE,Hydrophyllaceae
PLANTAE,TRACHEOPHYTA,MAGNOLIOPSIDA,CALLITRICHALES,HYDROSTACHYACEAE,Hydrostachyaceae
PLANTAE,TRACHEOPHYTA,POLYPODIOPSIDA,HYMENOPHYLLALES,HYMENOPHYLLACEAE,Hymenophyllaceae
PLANTAE,TRACHEOPHYTA,MAGNOLIOPSIDA,MALPIGHIALES,HYPERICACEAE,Hypericaceae
PLANTAE,BRYOPHYTA,BRYOPSIDA,HYPNALES,HYPNACEAE,Hypnaceae
PLANTAE,BRYOPHYTA,BRYOPSIDA,BRYALES,HYPNOBARTLETTIACEAE,Hypnobartlettiaceae
PLANTAE,TRACHEOPHYTA,LILIOPSIDA,LILIALES,HYPOXIDACEAE,Hypoxidaceae
PLANTAE,TRACHEOPHYTA,MAGNOLIOPSIDA,CELASTRALES,ICACINACEAE,Icacinaceae
PLANTAE,TRACHEOPHYTA,MAGNOLIOPSIDA,LAURALES,IDIOSPERMACEAE,Idiospermaceae
PLANTAE,TRACHEOPHYTA,MAGNOLIOPSIDA,CARYOPHYLLALES,ILLECEBRACEAE,Illecebraceae
PLANTAE,TRACHEOPHYTA,MAGNOLIOPSIDA,ILLICIALES,ILLICIACEAE,Illiciaceae
PLANTAE,TRACHEOPHYTA,LILIOPSIDA,LILIALES,IRIDACEAE,Iridaceae
PLANTAE,TRACHEOPHYTA,MAGNOLIOPSIDA,MALPIGHIALES,IRVINGIACEAE,Irvingiaceae
PLANTAE,TRACHEOPHYTA,LYCOPODIOPSIDA,ISOETALES,ISOETACEAE,Isoetaceae
PLANTAE,TRACHEOPHYTA,LILIOPSIDA,LILIALES,IXIOLIRIACEAE,Ixioliriaceae
PLANTAE,TRACHEOPHYTA,MAGNOLIOPSIDA,LINALES,IXONANTHACEAE,Ixonanthaceae
PLANTAE,MARCHANTIOPHYTA,JUNGERMANNIOPSIDA,JUNGERMANNIALES,JAMESONIELLACEAE,Jamesoniellaceae
PLANTAE,TRACHEOPHYTA,LILIOPSIDA,RESTIONALES,JOINVILLEACEAE,Joinvilleaceae
PLANTAE,BRYOPHYTA,MARCHANTIOPSIDA,JUNGERMANNIALES,JUBULACEAE,Jubulaceae
PLANTAE,TRACHEOPHYTA,MAGNOLIOPSIDA,JUGLANDALES,JUGLANDACEAE,Juglandaceae
PLANTAE,TRACHEOPHYTA,LILIOPSIDA,POALES,JUNCACEAE,Juncaceae
PLANTAE,TRACHEOPHYTA,LILIOPSIDA,NAJADALES,JUNCAGINACEAE,Juncaginaceae
PLANTAE,BRYOPHYTA,MARCHANTIOPSIDA,JUNGERMANNIALES,JUNGERMANNIACEAE,Jungermanniaceae
PLANTAE,RHODOPHYTA,FLORIDEOPHYCEAE,GIGARTINALES,KALLYMENIACEAE,Kallymeniaceae
PLANTAE,TRACHEOPHYTA,MAGNOLIOPSIDA,CARYOPHYLLALES,KEWACEAE,Kewaceae
PLANTAE,TRACHEOPHYTA,MAGNOLIOPSIDA,SAPINDALES,KIRKIACEAE,Kirkiaceae
PLANTAE,TRACHEOPHYTA,MAGNOLIOPSIDA,POLYGALALES,KRAMERIACEAE,Krameriaceae
PLANTAE,TRACHEOPHYTA,MAGNOLIOPSIDA,LAMIALES,LABIATAE,Labiatae
PLANTAE,TRACHEOPHYTA,MAGNOLIOPSIDA,VIOLALES,LACISTEMATACEAE,Lacistemataceae
PLANTAE,TRACHEOPHYTA,MAGNOLIOPSIDA,MAGNOLIALES,LACTORIDACEAE,Lactoridaceae
PLANTAE,TRACHEOPHYTA,MAGNOLIOPSIDA,LAMIALES,LAMIACEAE,Lamiaceae
PLANTAE,TRACHEOPHYTA,LILIOPSIDA,LILIALES,LANARIACEAE,Lanariaceae
PLANTAE,TRACHEOPHYTA,MAGNOLIOPSIDA,RANUNCULALES,LARDIZABALACEAE,Lardizabalaceae
PLANTAE,TRACHEOPHYTA,MAGNOLIOPSIDA,LAURALES,LAURACEAE,Lauraceae
PLANTAE,TRACHEOPHYTA,MAGNOLIOPSIDA,LECYTHIDALES,LECYTHIDACEAE,Lecythidaceae
PLANTAE,TRACHEOPHYTA,MAGNOLIOPSIDA,RHAMNALES,LEEACEAE,Leeaceae
PLANTAE,TRACHEOPHYTA,MAGNOLIOPSIDA,FABALES,LEGUMINOSAE,Leguminosae
PLANTAE,TRACHEOPHYTA,MAGNOLIOPSIDA,FABALES,LEGUMINOSAE-CAESALPINIOIDEAE,Leguminosae-Caesalpinioideae
PLANTAE,TRACHEOPHYTA,MAGNOLIOPSIDA,LEITNERIALES,LEITNERIACEAE,Leitneriaceae
PLANTAE,MARCHANTIOPHYTA,JUNGERMANNIOPSIDA,PORELLALES,LEJEUNEACEAE,Lejeuneaceae
PLANTAE,TRACHEOPHYTA,LILIOPSIDA,ARALES,LEMNACEAE,Lemnaceae
PLANTAE,TRACHEOPHYTA,MAGNOLIOPSIDA,LAMIALES,LENNOACEAE,Lennoaceae
PLANTAE,TRACHEOPHYTA,MAGNOLIOPSIDA,SCROPHULARIALES,LENTIBULARIACEAE,Lentibulariaceae
PLANTAE,TRACHEOPHYTA,MAGNOLIOPSIDA,GERANIALES,LEPIDOBOTRYACEAE,Lepidobotryaceae
PLANTAE,MARCHANTIOPHYTA,JUNGERMANNIOPSIDA,JUNGERMANNIALES,LEPIDOZIACEAE,Lepidoziaceae
PLANTAE,BRYOPHYTA,BRYOPSIDA,HYPNALES,LESKEACEAE,Leskeaceae
PLANTAE,TRACHEOPHYTA,LILIOPSIDA,NAJADALES,LILAEACEAE,Lilaeaceae
PLANTAE,TRACHEOPHYTA,LILIOPSIDA,LILIALES,LILIACEAE,Liliaceae
PLANTAE,TRACHEOPHYTA,MAGNOLIOPSIDA,GERANIALES,LIMNANTHACEAE,Limnanthaceae
PLANTAE,TRACHEOPHYTA,LILIOPSIDA,ALISMATALES,LIMNOCHARITACEAE,Limnocharitaceae
PLANTAE,TRACHEOPHYTA,MAGNOLIOPSIDA,LINALES,LINACEAE,Linaceae
PLANTAE,TRACHEOPHYTA,MAGNOLIOPSIDA,LAMIALES,LINDERNIACEAE,Linderniaceae
PLANTAE,TRACHEOPHYTA,POLYPODIOPSIDA,POLYPODIALES,LINDSAEACEAE,Lindsaeaceae
PLANTAE,TRACHEOPHYTA,MAGNOLIOPSIDA,EBENALES,LISSOCARPACEAE,Lissocarpaceae
PLANTAE,TRACHEOPHYTA,MAGNOLIOPSIDA,VIOLALES,LOASACEAE,Loasaceae
PLANTAE,TRACHEOPHYTA,MAGNOLIOPSIDA,GENTIANALES,LOGANIACEAE,Loganiaceae
PLANTAE,TRACHEOPHYTA,LILIOPSIDA,LILIALES,LOMANDRACEAE,Lomandraceae
PLANTAE,MARCHANTIOPHYTA,JUNGERMANNIOPSIDA,JUNGERMANNIALES,LOPHOCOLEACEAE,Lophocoleaceae
PLANTAE,TRACHEOPHYTA,MAGNOLIOPSIDA,CELASTRALES,LOPHOPYXIDACEAE,Lophopyxidaceae
PLANTAE,TRACHEOPHYTA,MAGNOLIOPSIDA,SANTALALES,LORANTHACEAE,Loranthaceae
PLANTAE,TRACHEOPHYTA,LILIOPSIDA,ZINGERBERALES,LOWIACEAE,Lowiaceae
PLANTAE,TRACHEOPHYTA,LYCOPODIOPSIDA,LYCOPODIALES,LYCOPODIACEAE,Lycopodiaceae
PLANTAE,TRACHEOPHYTA,POLYPODIOPSIDA,SCHIZAEALES,LYGODIACEAE,Lygodiaceae
PLANTAE,TRACHEOPHYTA,MAGNOLIOPSIDA,MYRTALES,LYTHRACEAE,Lythraceae
PLANTAE,TRACHEOPHYTA,MAGNOLIOPSIDA,MAGNOLIALES,MAGNOLIACEAE,Magnoliaceae
PLANTAE,TRACHEOPHYTA,MAGNOLIOPSIDA,VIOLALES,MALESHERBIACEAE,Malesherbiaceae
PLANTAE,TRACHEOPHYTA,MAGNOLIOPSIDA,POLYGALALES,MALPIGHIACEAE,Malpighiaceae
PLANTAE,TRACHEOPHYTA,MAGNOLIOPSIDA,MALVALES,MALVACEAE,Malvaceae
PLANTAE,TRACHEOPHYTA,LILIOPSIDA,ZINGIBERALES,MARANTACEAE,Marantaceae
PLANTAE,TRACHEOPHYTA,POLYPODIOPSIDA,MARATTIALES,MARATTIACEAE,Marattiaceae
PLANTAE,TRACHEOPHYTA,MAGNOLIOPSIDA,THEALES,MARCGRAVIACEAE,Marcgraviaceae
PLANTAE,TRACHEOPHYTA,POLYPODIOPSIDA,SALVINIALES,MARSILEACEAE,Marsileaceae
PLANTAE,TRACHEOPHYTA,LILIOPSIDA,COMMELINALES,MAYACACEAE,Mayacaceae
PLANTAE,TRACHEOPHYTA,MAGNOLIOPSIDA,THEALES,MEDUSAGYNACEAE,Medusagynaceae
PLANTAE,TRACHEOPHYTA,MAGNOLIOPSIDA,SANTALALES,MEDUSANDRACEAE,Medusandraceae
PLANTAE,TRACHEOPHYTA,MAGNOLIOPSIDA,CORNALES,MELANOPHYLLACEAE,Melanophyllaceae
PLANTAE,TRACHEOPHYTA,LILIOPSIDA,LILIALES,MELANTHIACEAE,Melanthiaceae
PLANTAE,TRACHEOPHYTA,MAGNOLIOPSIDA,MYRTALES,MELASTOMATACEAE,Melastomataceae
PLANTAE,TRACHEOPHYTA,MAGNOLIOPSIDA,SAPINDALES,MELIACEAE,Meliaceae
PLANTAE,TRACHEOPHYTA,MAGNOLIOPSIDA,SAPINDALES,MELIANTHACEAE,Melianthaceae
PLANTAE,TRACHEOPHYTA,MAGNOLIOPSIDA,RANUNCULALES,MELIOSMACEAE,Meliosmaceae
PLANTAE,TRACHEOPHYTA,MAGNOLIOPSIDA,RANUNCULALES,MENISPERMACEAE,Menispermaceae
PLANTAE,TRACHEOPHYTA,MAGNOLIOPSIDA,SOLANALES,MENYANTHACEAE,Menyanthaceae
PLANTAE,MARCHANTIOPHYTA,JUNGERMANNIOPSIDA,METZGERIALES,METZGERIACEAE,Metzgeriaceae
PLANTAE,TRACHEOPHYTA,MAGNOLIOPSIDA,SANTALALES,MISODENDRACEAE,Misodendraceae
PLANTAE,TRACHEOPHYTA,MAGNOLIOPSIDA,CARYOPHYLLALES,MOLLUGINACEAE,Molluginaceae
PLANTAE,TRACHEOPHYTA,MAGNOLIOPSIDA,LAURALES,MONIMIACEAE,Monimiaceae
PLANTAE,TRACHEOPHYTA,MAGNOLIOPSIDA,ROSALES,MONTINIACEAE,Montiniaceae
PLANTAE,TRACHEOPHYTA,MAGNOLIOPSIDA,URTICALES,MORACEAE,Moraceae
PLANTAE,TRACHEOPHYTA,MAGNOLIOPSIDA,DIPSACALES,MORINACEAE,Morinaceae
PLANTAE,TRACHEOPHYTA,MAGNOLIOPSIDA,CAPPARALES,MORINGACEAE,Moringaceae
PLANTAE,TRACHEOPHYTA,LILIOPSIDA,ZINGIBERALES,MUSACEAE,Musaceae
PLANTAE,TRACHEOPHYTA,MAGNOLIOPSIDA,SCROPHULARIALES,MYOPORACEAE,Myoporaceae
PLANTAE,TRACHEOPHYTA,MAGNOLIOPSIDA,MYRICALES,MYRICACEAE,Myricaceae
PLANTAE,BRYOPHYTA,BRYOPSIDA,HYPNALES,MYRINIACEAE,Myriniaceae
PLANTAE,TRACHEOPHYTA,MAGNOLIOPSIDA,MAGNOLIALES,MYRISTICACEAE,Myristicaceae
PLANTAE,TRACHEOPHYTA,MAGNOLIOPSIDA,HAMAMELIDALES,MYROTHAMNACEAE,Myrothamnaceae
PLANTAE,TRACHEOPHYTA,MAGNOLIOPSIDA,PRIMULALES,MYRSINACEAE,Myrsinaceae
PLANTAE,TRACHEOPHYTA,MAGNOLIOPSIDA,MYRTALES,MYRTACEAE,Myrtaceae
PLANTAE,TRACHEOPHYTA,LILIOPSIDA,HYDROCHARITALES,NAJADACEAE,Najadaceae
PLANTAE,BRYOPHYTA,BRYOPSIDA,HYPNALES,NECKERACEAE,Neckeraceae
PLANTAE,TRACHEOPHYTA,MAGNOLIOPSIDA,NYMPHAEALES,NELUMBONACEAE,Nelumbonaceae
PLANTAE,TRACHEOPHYTA,MAGNOLIOPSIDA,NEPENTHALES,NEPENTHACEAE,Nepenthaceae
PLANTAE,TRACHEOPHYTA,MAGNOLIOPSIDA,LAMIALES,NESOGENACEAE,Nesogenaceae
PLANTAE,TRACHEOPHYTA,MAGNOLIOPSIDA,ROSALES,NEURADACEAE,Neuradaceae
PLANTAE,TRACHEOPHYTA,MAGNOLIOPSIDA,FAGALES,NOTHOFAGACEAE,Nothofagaceae
PLANTAE,TRACHEOPHYTA,MAGNOLIOPSIDA,CARYOPHYLLALES,NYCTAGINACEAE,Nyctaginaceae
PLANTAE,TRACHEOPHYTA,MAGNOLIOPSIDA,NYMPHAEALES,NYMPHAEACEAE,Nymphaeaceae
PLANTAE,TRACHEOPHYTA,MAGNOLIOPSIDA,THEALES,OCHNACEAE,Ochnaceae
PLANTAE,TRACHEOPHYTA,MAGNOLIOPSIDA,SANTALALES,OLACACEAE,Olacaceae
PLANTAE,TRACHEOPHYTA,MAGNOLIOPSIDA,SCROPHULARIALES,OLEACEAE,Oleaceae
PLANTAE,TRACHEOPHYTA,POLYPODIOPSIDA,POLYPODIALES,OLEANDRACEAE,Oleandraceae
PLANTAE,TRACHEOPHYTA,MAGNOLIOPSIDA,MYRTALES,OLINIACEAE,Oliniaceae
PLANTAE,TRACHEOPHYTA,MAGNOLIOPSIDA,MYRTALES,ONAGRACEAE,Onagraceae
PLANTAE,TRACHEOPHYTA,MAGNOLIOPSIDA,THEALES,ONCOTHECACEAE,Oncothecaceae
PLANTAE,TRACHEOPHYTA,POLYPODIOPSIDA,POLYPODIALES,ONOCLEACEAE,Onocleaceae
PLANTAE,TRACHEOPHYTA,POLYPODIOPSIDA,OPHIOGLOSSALES,OPHIOGLOSSACEAE,Ophioglossaceae
PLANTAE,TRACHEOPHYTA,MAGNOLIOPSIDA,SANTALALES,OPILIACEAE,Opiliaceae
PLANTAE,TRACHEOPHYTA,LILIOPSIDA,ORCHIDALES,ORCHIDACEAE,Orchidaceae
PLANTAE,TRACHEOPHYTA,MAGNOLIOPSIDA,SCROPHULARIALES,OROBANCHACEAE,Orobanchaceae
PLANTAE,BRYOPHYTA,BRYOPSIDA,RHIZOGONIALES,ORTHODONTIACEAE,Orthodontiaceae
PLANTAE,BRYOPHYTA,BRYOPSIDA,ORTHOTRICHALES,ORTHOTRICHACEAE,Orthotrichaceae
PLANTAE,TRACHEOPHYTA,POLYPODIOPSIDA,OSMUNDALES,OSMUNDACEAE,Osmundaceae
PLANTAE,TRACHEOPHYTA,MAGNOLIOPSIDA,OXALIDALES,OXALIDACEAE,Oxalidaceae
PLANTAE,TRACHEOPHYTA,MAGNOLIOPSIDA,DILLENIALES,PAEONIACEAE,Paeoniaceae
PLANTAE,TRACHEOPHYTA,LILIOPSIDA,ARECALES,PALMAE,Palmae
PLANTAE,TRACHEOPHYTA,MAGNOLIOPSIDA,EUPHORBIALES,PANDACEAE,Pandaceae
PLANTAE,TRACHEOPHYTA,LILIOPSIDA,PANDANALES,PANDANACEAE,Pandanaceae
PLANTAE,TRACHEOPHYTA,MAGNOLIOPSIDA,PAPAVERALES,PAPAVERACEAE,Papaveraceae
PLANTAE,TRACHEOPHYTA,MAGNOLIOPSIDA,THEALES,PARACRYPHIACEAE,Paracryphiaceae
PLANTAE,TRACHEOPHYTA,MAGNOLIOPSIDA,ROSALES,PARNASSIACEAE,Parnassiaceae
PLANTAE,TRACHEOPHYTA,MAGNOLIOPSIDA,VIOLALES,PASSIFLORACEAE,Passifloraceae
PLANTAE,TRACHEOPHYTA,MAGNOLIOPSIDA,SCROPHULARIALES,PEDALIACEAE,Pedaliaceae
PLANTAE,TRACHEOPHYTA,MAGNOLIOPSIDA,THEALES,PELLICIERACEAE,Pellicieraceae
PLANTAE,TRACHEOPHYTA,MAGNOLIOPSIDA,MYRTALES,PENAEACEAE,Penaeaceae
PLANTAE,TRACHEOPHYTA,MAGNOLIOPSIDA,CAMPANULALES,PENTAPHRAGMATACEAE,Pentaphragmataceae
PLANTAE,TRACHEOPHYTA,MAGNOLIOPSIDA,THEALES,PENTAPHYLACACEAE,Pentaphylacaceae
PLANTAE,TRACHEOPHYTA,MAGNOLIOPSIDA,ROSALES,PENTHORACEAE,Penthoraceae
PLANTAE,TRACHEOPHYTA,MAGNOLIOPSIDA,MALPIGHIALES,PERACEAE,Peraceae
PLANTAE,TRACHEOPHYTA,MAGNOLIOPSIDA,VIOLALES,PERIDISCACEAE,Peridiscaceae
PLANTAE,MARCHANTIOPHYTA,JUNGERMANNIOPSIDA,JUNGERMANNIALES,PERSONIELLACEAE,Personiellaceae
PLANTAE,MARCHANTIOPHYTA,JUNGERMANNIOPSIDA,FOSSOMBRONIALES,PETALOPHYLLACEAE,Petalophyllaceae
PLANTAE,TRACHEOPHYTA,LILIOPSIDA,LILIALES,PETERMANNIACEAE,Petermanniaceae
PLANTAE,TRACHEOPHYTA,LILIOPSIDA,LILIALES,PETROSAVIACEAE,Petrosaviaceae
PLANTAE,TRACHEOPHYTA,MAGNOLIOPSIDA,CELASTRALES,PHELLINACEAE,Phellinaceae
PLANTAE,TRACHEOPHYTA,LILIOPSIDA,LILIALES,PHILESIACEAE,Philesiaceae
PLANTAE,TRACHEOPHYTA,LILIOPSIDA,LILIALES,PHILYDRACEAE,Philydraceae
PLANTAE,TRACHEOPHYTA,LILIOPSIDA,LILIALES,PHORMIACEAE,Phormiaceae
PLANTAE,TRACHEOPHYTA,MAGNOLIOPSIDA,LAMIALES,PHRYMACEAE,Phrymaceae
PLANTAE,MARCHANTIOPHYTA,JUNGERMANNIOPSIDA,JUNGERMANNIALES,PHYCOLEPIDOZIACEAE,Phycolepidoziaceae
PLANTAE,TRACHEOPHYTA,MAGNOLIOPSIDA,MALPIGHIALES,PHYLLANTHACEAE,Phyllanthaceae
PLANTAE,TRACHEOPHYTA,PINOPSIDA,PINALES,PHYLLOCLADACEAE,Phyllocladaceae
PLANTAE,RHODOPHYTA,FLORIDEOPHYCEAE,GIGARTINALES,PHYLLOPHORACEAE,Phyllophoraceae
PLANTAE,TRACHEOPHYTA,MAGNOLIOPSIDA,HAMAMELIDALES,PHYSENACEAE,Physenaceae
PLANTAE,TRACHEOPHYTA,MAGNOLIOPSIDA,CARYOPHYLLALES,PHYTOLACCACEAE,Phytolaccaceae
PLANTAE,BRYOPHYTA,BRYOPSIDA,HOOKERIALES,PILOTRICHACEAE,Pilotrichaceae
PLANTAE,TRACHEOPHYTA,PINOPSIDA,PINALES,PINACEAE,Pinaceae
PLANTAE,TRACHEOPHYTA,MAGNOLIOPSIDA,PIPERALES,PIPERACEAE,Piperaceae
PLANTAE,TRACHEOPHYTA,MAGNOLIOPSIDA,ROSALES,PITTOSPORACEAE,Pittosporaceae
PLANTAE,MARCHANTIOPHYTA,JUNGERMANNIOPSIDA,JUNGERMANNIALES,PLAGIOCHILACEAE,Plagiochilaceae
PLANTAE,TRACHEOPHYTA,POLYPODIOPSIDA,CYATHEALES,PLAGIOGYRIACEAE,Plagiogyriaceae
PLANTAE,TRACHEOPHYTA,MAGNOLIOPSIDA,VIOLALES,PLAGIOPTERACEAE,Plagiopteraceae
PLANTAE,TRACHEOPHYTA,MAGNOLIOPSIDA,PLANTAGINALES,PLANTAGINACEAE,Plantaginaceae
PLANTAE,TRACHEOPHYTA,MAGNOLIOPSIDA,HAMAMELIDALES,PLATANACEAE,Platanaceae
PLANTAE,MARCHANTIOPHYTA,JUNGERMANNIOPSIDA,PLEUROZIALES,PLEUROZIACEAE,Pleuroziaceae
PLANTAE,TRACHEOPHYTA,MAGNOLIOPSIDA,PLUMBAGINALES,PLUMBAGINACEAE,Plumbaginaceae
PLANTAE,TRACHEOPHYTA,LILIOPSIDA,POALES,POACEAE,Poaceae
PLANTAE,TRACHEOPHYTA,MAGNOLIOPSIDA,SAPINDALES,PODOACEAE,Podoaceae
PLANTAE,TRACHEOPHYTA,PINOPSIDA,PINALES,PODOCARPACEAE,Podocarpaceae
PLANTAE,TRACHEOPHYTA,MAGNOLIOPSIDA,PODOSTEMALES,PODOSTEMACEAE,Podostemaceae
PLANTAE,TRACHEOPHYTA,MAGNOLIOPSIDA,SOLANALES,POLEMONIACEAE,Polemoniaceae
PLANTAE,TRACHEOPHYTA,MAGNOLIOPSIDA,POLYGALALES,POLYGALACEAE,Polygalaceae
PLANTAE,TRACHEOPHYTA,MAGNOLIOPSIDA,POLYGONALES,POLYGONACEAE,Polygonaceae
PLANTAE,TRACHEOPHYTA,POLYPODIOPSIDA,POLYPODIALES,POLYPODIACEAE,Polypodiaceae
PLANTAE,TRACHEOPHYTA,LILIOPSIDA,COMMELINALES,PONTEDERIACEAE,Pontederiaceae
PLANTAE,TRACHEOPHYTA,MAGNOLIOPSIDA,CARYOPHYLLALES,PORTULACACEAE,Portulacaceae
PLANTAE,TRACHEOPHYTA,LILIOPSIDA,NAJADALES,POSIDONIACEAE,Posidoniaceae
PLANTAE,TRACHEOPHYTA,LILIOPSIDA,NAJADALES,POTAMOGETONACEAE,Potamogetonaceae
PLANTAE,BRYOPHYTA,BRYOPSIDA,POTTIALES,POTTIACEAE,Pottiaceae
PLANTAE,TRACHEOPHYTA,MAGNOLIOPSIDA,PRIMULALES,PRIMULACEAE,Primulaceae
PLANTAE,TRACHEOPHYTA,MAGNOLIOPSIDA,PROTEALES,PROTEACEAE,Proteaceae
PLANTAE,TRACHEOPHYTA,MAGNOLIOPSIDA,SAPINDALES,PTAEROXYLACEAE,Ptaeroxylaceae
PLANTAE,TRACHEOPHYTA,POLYPODIOPSIDA,POLYPODIALES,PTERIDACEAE,Pteridaceae
PLANTAE,BRYOPHYTA,BRYOPSIDA,HYPNALES,PTEROBRYACEAE,Pterobryaceae
PLANTAE,TRACHEOPHYTA,MAGNOLIOPSIDA,ROSALES,PTEROSTEMONACEAE,Pterostemonaceae
PLANTAE,BRYOPHYTA,BRYOPSIDA,GRIMMIALES,PTYCHOMITRIACEAE,Ptychomitriaceae
PLANTAE,BRYOPHYTA,BRYOPSIDA,HYPNALES,PYLAISIADELPHACEAE,Pylaisiadelphaceae
PLANTAE,TRACHEOPHYTA,MAGNOLIOPSIDA,ERICALES,PYROLACEAE,Pyrolaceae
PLANTAE,TRACHEOPHYTA,MAGNOLIOPSIDA,THEALES,QUIINACEAE,Quiinaceae
PLANTAE,MARCHANTIOPHYTA,JUNGERMANNIOPSIDA,PORELLALES,RADULACEAE,Radulaceae
PLANTAE,TRACHEOPHYTA,MAGNOLIOPSIDA,RAFFLESIALES,RAFFLESIACEAE,Rafflesiaceae
PLANTAE,TRACHEOPHYTA,MAGNOLIOPSIDA,RANUNCULALES,RANUNCULACEAE,Ranunculaceae
PLANTAE,TRACHEOPHYTA,LILIOPSIDA,COMMELINALES,RAPATEACEAE,Rapateaceae
PLANTAE,TRACHEOPHYTA,MAGNOLIOPSIDA,CAPPARALES,RESEDACEAE,Resedaceae
PLANTAE,TRACHEOPHYTA,LILIOPSIDA,POALES,RESTIONACEAE,Restionaceae
PLANTAE,TRACHEOPHYTA,MAGNOLIOPSIDA,GENTIANALES,RETZIACEAE,Retziaceae
PLANTAE,TRACHEOPHYTA,MAGNOLIOPSIDA,ROSALES,RHABDODENDRACEAE,Rhabdodendraceae
PLANTAE,BRYOPHYTA,BRYOPSIDA,DICRANALES,RHACHITHECIACEAE,Rhachitheciaceae
PLANTAE,TRACHEOPHYTA,MAGNOLIOPSIDA,RHAMNALES,RHAMNACEAE,Rhamnaceae
PLANTAE,TRACHEOPHYTA,LILIOPSIDA,LILIALES,RHIPOGONACEAE,Rhipogonaceae
PLANTAE,TRACHEOPHYTA,MAGNOLIOPSIDA,RHIZOPHORALES,RHIZOPHORACEAE,Rhizophoraceae
PLANTAE,RHODOPHYTA,FLORIDEOPHYCEAE,GIGARTINALES,RHIZOPHYLLIDACEAE,Rhizophyllidaceae
PLANTAE,RHODOPHYTA,FLORIDEOPHYCEAE,CERAMIALES,RHODOMELACEAE,Rhodomelaceae
PLANTAE,RHODOPHYTA,FLORIDEOPHYCEAE,RHODYMENIALES,RHODYMENIACEAE,Rhodymeniaceae
PLANTAE,TRACHEOPHYTA,MAGNOLIOPSIDA,JUGLANDALES,RHOIPTELEACEAE,Rhoipteleaceae
PLANTAE,TRACHEOPHYTA,MAGNOLIOPSIDA,MYRTALES,RHYNCHOCALYCACEAE,Rhynchocalycaceae
PLANTAE,MARCHANTIOPHYTA,MARCHANTIOPSIDA,MARCHANTIALES,RICCIACEAE,Ricciaceae
PLANTAE,MARCHANTIOPHYTA,MARCHANTIOPSIDA,SPHAEROCARPALES,RIELLACEAE,Riellaceae
PLANTAE,TRACHEOPHYTA,LILIOPSIDA,LILIALES,RIPOGONACEAE,Ripogonaceae
PLANTAE,TRACHEOPHYTA,MAGNOLIOPSIDA,ROSALES,RORIDULACEAE,Roridulaceae
PLANTAE,TRACHEOPHYTA,MAGNOLIOPSIDA,ROSALES,ROSACEAE,Rosaceae
PLANTAE,TRACHEOPHYTA,MAGNOLIOPSIDA,GENTIANALES,RUBIACEAE,Rubiaceae
PLANTAE,TRACHEOPHYTA,LILIOPSIDA,LILIALES,RUSCACEAE,Ruscaceae
PLANTAE,TRACHEOPHYTA,MAGNOLIOPSIDA,SAPINDALES,RUTACEAE,Rutaceae
PLANTAE,TRACHEOPHYTA,MAGNOLIOPSIDA,RANUNCULALES,SABIACEAE,Sabiaceae
PLANTAE,TRACHEOPHYTA,MAGNOLIOPSIDA,GENTIANALES,SACCIFOLIACEAE,Saccifoliaceae
PLANTAE,TRACHEOPHYTA,POLYPODIOPSIDA,POLYPODIALES,SACCOLOMATACEAE,Saccolomataceae
PLANTAE,TRACHEOPHYTA,MAGNOLIOPSIDA,SALICALES,SALICACEAE,Salicaceae
PLANTAE,TRACHEOPHYTA,MAGNOLIOPSIDA,CELASTRALES,SALVADORACEAE,Salvadoraceae
PLANTAE,TRACHEOPHYTA,POLYPODIOPSIDA,SALVINIALES,SALVINIACEAE,Salviniaceae
PLANTAE,TRACHEOPHYTA,MAGNOLIOPSIDA,SANTALALES,SANTALACEAE,Santalaceae
PLANTAE,TRACHEOPHYTA,MAGNOLIOPSIDA,SAPINDALES,SAPINDACEAE,Sapindaceae
PLANTAE,TRACHEOPHYTA,MAGNOLIOPSIDA,EBENALES,SAPOTACEAE,Sapotaceae
PLANTAE,TRACHEOPHYTA,MAGNOLIOPSIDA,MALVALES,SARCOLAENACEAE,Sarcolaenaceae
PLANTAE,TRACHEOPHYTA,MAGNOLIOPSIDA,RANUNCULALES,SARGENTODOXACEAE,Sargentodoxaceae
PLANTAE,TRACHEOPHYTA,MAGNOLIOPSIDA,NEPENTHALES,SARRACENIACEAE,Sarraceniaceae
PLANTAE,TRACHEOPHYTA,MAGNOLIOPSIDA,PIPERALES,SAURURACEAE,Saururaceae
PLANTAE,TRACHEOPHYTA,MAGNOLIOPSIDA,ROSALES,SAXIFRAGACEAE,Saxifragaceae
PLANTAE,MARCHANTIOPHYTA,JUNGERMANNIOPSIDA,JUNGERMANNIALES,SCAPANIACEAE,Scapaniaceae
PLANTAE,TRACHEOPHYTA,LILIOPSIDA,NAJADALES,SCHEUCHZERIACEAE,Scheuchzeriaceae
PLANTAE,TRACHEOPHYTA,MAGNOLIOPSIDA,ILLICIALES,SCHISANDRACEAE,Schisandraceae
PLANTAE,MARCHANTIOPHYTA,JUNGERMANNIOPSIDA,JUNGERMANNIALES,SCHISTOCHILACEAE,Schistochilaceae
PLANTAE,TRACHEOPHYTA,POLYPODIOPSIDA,SCHIZAEALES,SCHIZAEACEAE,Schizaeaceae
PLANTAE,RHODOPHYTA,FLORIDEOPHYCEAE,NEMASTOMATALES,SCHIZYMENIACEAE,Schizymeniaceae
PLANTAE,TRACHEOPHYTA,MAGNOLIOPSIDA,SCROPHULARIALES,SCHLEGELIACEAE,Schlegeliaceae
PLANTAE,TRACHEOPHYTA,PINOPSIDA,PINALES,SCIADOPITYACEAE,Sciadopityaceae
PLANTAE,TRACHEOPHYTA,MAGNOLIOPSIDA,SCROPHULARIALES,SCROPHULARIACEAE,Scrophulariaceae
PLANTAE,TRACHEOPHYTA,MAGNOLIOPSIDA,VIOLALES,SCYPHOSTEGIACEAE,Scyphostegiaceae
PLANTAE,TRACHEOPHYTA,MAGNOLIOPSIDA,THEALES,SCYTOPETALACEAE,Scytopetalaceae
PLANTAE,RHODOPHYTA,FLORIDEOPHYCEAE,SEBDENIALES,SEBDENIACEAE,Sebdeniaceae
PLANTAE,TRACHEOPHYTA,LYCOPODIOPSIDA,SELAGINELLALES,SELAGINELLACEAE,Selaginellaceae
PLANTAE,BRYOPHYTA,BRYOPSIDA,BRYALES,SEMATOPHYLLACEAE,Sematophyllaceae
PLANTAE,TRACHEOPHYTA,MAGNOLIOPSIDA,SAPINDALES,SIMAROUBACEAE,Simaroubaceae
PLANTAE,TRACHEOPHYTA,MAGNOLIOPSIDA,EUPHORBIALES,SIMMONDSIACEAE,Simmondsiaceae
PLANTAE,TRACHEOPHYTA,LILIOPSIDA,LILIALES,SMILACACEAE,Smilacaceae
PLANTAE,TRACHEOPHYTA,MAGNOLIOPSIDA,SOLANALES,SOLANACEAE,Solanaceae
PLANTAE,MARCHANTIOPHYTA,JUNGERMANNIOPSIDA,JUNGERMANNIALES,SOLENOSTOMATACEAE,Solenostomataceae
PLANTAE,MARCHANTIOPHYTA,MARCHANTIOPSIDA,SPHAEROCARPALES,SPHAEROCARPACEAE,Sphaerocarpaceae
PLANTAE,TRACHEOPHYTA,MAGNOLIOPSIDA,THEALES,SPHAEROSEPALACEAE,Sphaerosepalaceae
PLANTAE,BRYOPHYTA,SPHAGNOPSIDA,SPHAGNALES,SPHAGNACEAE,Sphagnaceae
PLANTAE,TRACHEOPHYTA,MAGNOLIOPSIDA,CELASTRALES,SPHENOSTEMONACEAE,Sphenostemonaceae
PLANTAE,BRYOPHYTA,BRYOPSIDA,BRYALES,SPLACHNACEAE,Splachnaceae
PLANTAE,TRACHEOPHYTA,MAGNOLIOPSIDA,VIOLALES,STACHYURACEAE,Stachyuraceae
PLANTAE,TRACHEOPHYTA,MAGNOLIOPSIDA,CELASTRALES,STACKHOUSIACEAE,Stackhousiaceae
PLANTAE,TRACHEOPHYTA,CYCADOPSIDA,CYCADALES,STANGERIACEAE,Stangeriaceae
PLANTAE,TRACHEOPHYTA,MAGNOLIOPSIDA,CROSSOSOMATALES,STAPHYLEACEAE,Staphyleaceae
PLANTAE,TRACHEOPHYTA,MAGNOLIOPSIDA,CARYOPHYLLALES,STEGNOSPERMATACEAE,Stegnospermataceae
PLANTAE,TRACHEOPHYTA,LILIOPSIDA,LILIALES,STEMONACEAE,Stemonaceae
PLANTAE,TRACHEOPHYTA,MAGNOLIOPSIDA,MALVALES,STERCULIACEAE,Sterculiaceae
PLANTAE,TRACHEOPHYTA,MAGNOLIOPSIDA,LAMIALES,STILBACEAE,Stilbaceae
PLANTAE,TRACHEOPHYTA,MAGNOLIOPSIDA,THEALES,STRASBURGERIACEAE,Strasburgeriaceae
PLANTAE,TRACHEOPHYTA,LILIOPSIDA,ZINGERBERALES,STRELITZIACEAE,Strelitziaceae
PLANTAE,TRACHEOPHYTA,MAGNOLIOPSIDA,CAMPANULALES,STYLIDIACEAE,Stylidiaceae
PLANTAE,TRACHEOPHYTA,MAGNOLIOPSIDA,ROSALES,STYLOBASIACEAE,Stylobasiaceae
PLANTAE,TRACHEOPHYTA,MAGNOLIOPSIDA,EBENALES,STYRACACEAE,Styracaceae
PLANTAE,TRACHEOPHYTA,MAGNOLIOPSIDA,ROSALES,SURIANACEAE,Surianaceae
PLANTAE,TRACHEOPHYTA,MAGNOLIOPSIDA,EBENALES,SYMPLOCACEAE,Symplocaceae
PLANTAE,TRACHEOPHYTA,LILIOPSIDA,LILIALES,TACCACEAE,Taccaceae
PLANTAE,BRYOPHYTA,TAKAKIOPSIDA,TAKAKIALES,TAKAKIACEAE,Takakiaceae
PLANTAE,TRACHEOPHYTA,MAGNOLIOPSIDA,VIOLALES,TAMARICACEAE,Tamaricaceae
PLANTAE,TRACHEOPHYTA,MAGNOLIOPSIDA,HUERTEALES,TAPISCIACEAE,Tapisciaceae
PLANTAE,TRACHEOPHYTA,PINOPSIDA,PINALES,TAXACEAE,Taxaceae
PLANTAE,TRACHEOPHYTA,CONIFEROPSIDA,CONIFERALES,TAXODIACEAE,Taxodiaceae
PLANTAE,TRACHEOPHYTA,LILIOPSIDA,LILIALES,TECOPHILAEACEAE,Tecophilaeaceae
PLANTAE,TRACHEOPHYTA,POLYPODIOPSIDA,POLYPODIALES,TECTARIACEAE,Tectariaceae
PLANTAE,TRACHEOPHYTA,MAGNOLIOPSIDA,CELASTRALES,TEPUIANTHACEAE,Tepuianthaceae
PLANTAE,TRACHEOPHYTA,MAGNOLIOPSIDA,TROCHODENDRALES,TETRACENTRACEAE,Tetracentraceae
PLANTAE,TRACHEOPHYTA,MAGNOLIOPSIDA,LAMIALES,TETRACHONDRACEAE,Tetrachondraceae
PLANTAE,TRACHEOPHYTA,MAGNOLIOPSIDA,CUCURBITALES,TETRAMELACEAE,Tetramelaceae
PLANTAE,TRACHEOPHYTA,MAGNOLIOPSIDA,THEALES,TETRAMERISTACEAE,Tetrameristaceae
PLANTAE,TRACHEOPHYTA,MAGNOLIOPSIDA,THEALES,THEACEAE,Theaceae
PLANTAE,TRACHEOPHYTA,MAGNOLIOPSIDA,RUBIALES,THELIGONACEAE,Theligonaceae
PLANTAE,TRACHEOPHYTA,POLYPODIOPSIDA,POLYPODIALES,THELYPTERIDACEAE,Thelypteridaceae
PLANTAE,TRACHEOPHYTA,MAGNOLIOPSIDA,PRIMULALES,THEOPHRASTACEAE,Theophrastaceae
PLANTAE,TRACHEOPHYTA,LILIOPSIDA,JUNCALES,THURNIACEAE,Thurniaceae
PLANTAE,TRACHEOPHYTA,MAGNOLIOPSIDA,MYRTALES,THYMELAEACEAE,Thymelaeaceae
PLANTAE,TRACHEOPHYTA,MAGNOLIOPSIDA,FAGALES,TICODENDRACEAE,Ticodendraceae
PLANTAE,TRACHEOPHYTA,MAGNOLIOPSIDA,MALVALES,TILIACEAE,Tiliaceae
PLANTAE,TRACHEOPHYTA,MAGNOLIOPSIDA,CORNALES,TORRICELLIACEAE,Torricelliaceae
PLANTAE,TRACHEOPHYTA,MAGNOLIOPSIDA,CAPPARALES,TOVARIACEAE,Tovariaceae
PLANTAE,TRACHEOPHYTA,MAGNOLIOPSIDA,MYRTALES,TRAPACEAE,Trapaceae
PLANTAE,TRACHEOPHYTA,MAGNOLIOPSIDA,POLYGALALES,TREMANDRACEAE,Tremandraceae
PLANTAE,TRACHEOPHYTA,LILIOPSIDA,LILIALES,TRICHOPODACEAE,Trichopodaceae
PLANTAE,TRACHEOPHYTA,MAGNOLIOPSIDA,POLYGALALES,TRIGONIACEAE,Trigoniaceae
PLANTAE,TRACHEOPHYTA,LILIOPSIDA,LILIALES,TRILLIACEAE,Trilliaceae
PLANTAE,TRACHEOPHYTA,MAGNOLIOPSIDA,LAURALES,TRIMENIACEAE,Trimeniaceae
PLANTAE,TRACHEOPHYTA,MAGNOLIOPSIDA,DIPSACALES,TRIPLOSTEGIACEAE,Triplostegiaceae
PLANTAE,TRACHEOPHYTA,LILIOPSIDA,TRIURIDALES,TRIURIDACEAE,Triuridaceae
PLANTAE,TRACHEOPHYTA,MAGNOLIOPSIDA,TROCHODENDRALES,TROCHODENDRACEAE,Trochodendraceae
PLANTAE,TRACHEOPHYTA,MAGNOLIOPSIDA,GERANIALES,TROPAEOLACEAE,Tropaeolaceae
PLANTAE,TRACHEOPHYTA,MAGNOLIOPSIDA,VIOLALES,TURNERACEAE,Turneraceae
PLANTAE,TRACHEOPHYTA,LILIOPSIDA,POALES,TYPHACEAE,Typhaceae
PLANTAE,TRACHEOPHYTA,MAGNOLIOPSIDA,URTICALES,ULMACEAE,Ulmaceae
PLANTAE,TRACHEOPHYTA,MAGNOLIOPSIDA,APIALES,UMBELLIFERAE,Umbelliferae
PLANTAE,TRACHEOPHYTA,MAGNOLIOPSIDA,URTICALES,URTICACEAE,Urticaceae
PLANTAE,TRACHEOPHYTA,MAGNOLIOPSIDA,ROSALES,VAHLIACEAE,Vahliaceae
PLANTAE,TRACHEOPHYTA,MAGNOLIOPSIDA,DIPSACALES,VALERIANACEAE,Valerianaceae
PLANTAE,BRYOPHYTA,MARCHANTIOPSIDA,METZGERIALES,VANDIEMENIACEAE,Vandiemeniaceae
PLANTAE,TRACHEOPHYTA,LILIOPSIDA,LILIALES,VELLOZIACEAE,Velloziaceae
PLANTAE,TRACHEOPHYTA,MAGNOLIOPSIDA,LAMIALES,VERBENACEAE,Verbenaceae
PLANTAE,TRACHEOPHYTA,MAGNOLIOPSIDA,VIOLALES,VIOLACEAE,Violaceae
PLANTAE,TRACHEOPHYTA,MAGNOLIOPSIDA,SANTALALES,VISCACEAE,Viscaceae
PLANTAE,TRACHEOPHYTA,MAGNOLIOPSIDA,RHAMNALES,VITACEAE,Vitaceae
PLANTAE,TRACHEOPHYTA,MAGNOLIOPSIDA,POLYGALALES,VOCHYSIACEAE,Vochysiaceae
PLANTAE,TRACHEOPHYTA,GNETOPSIDA,WELWITSCHIALES,WELWITSCHIACEAE,Welwitschiaceae
PLANTAE,TRACHEOPHYTA,MAGNOLIOPSIDA,MAGNOLIALES,WINTERACEAE,Winteraceae
PLANTAE,TRACHEOPHYTA,POLYPODIOPSIDA,POLYPODIALES,WOODSIACEAE,Woodsiaceae
PLANTAE,TRACHEOPHYTA,LILIOPSIDA,LILIALES,XANTHORRHOEACEAE,Xanthorrhoeaceae
PLANTAE,TRACHEOPHYTA,LILIOPSIDA,POALES,XYRIDACEAE,Xyridaceae
PLANTAE,TRACHEOPHYTA,CYCADOPSIDA,CYCADALES,ZAMIACEAE,Zamiaceae
PLANTAE,TRACHEOPHYTA,LILIOPSIDA,NAJADALES,ZANNICHELLIACEAE,Zannichelliaceae
PLANTAE,TRACHEOPHYTA,LILIOPSIDA,ZINGIBERALES,ZINGIBERACEAE,Zingiberaceae
PLANTAE,TRACHEOPHYTA,LILIOPSIDA,NAJADALES,ZOSTERACEAE,Zosteraceae
PLANTAE,TRACHEOPHYTA,MAGNOLIOPSIDA,ZYGOPHYLLALES,ZYGOPHYLLACEAE,Zygophyllaceae
